nombre,apellido,email
Pedro,Gómez,pedro.gomez2025@email.com
Lucía,Martínez,lucia.martinez2025@email.com
Jorge,Suárez,jorge.suarez2025@email.com
Patricia,Ruiz,patricia.ruiz2025@email.com
Raúl,Fernández,raul.fernandez2025@email.com
Sofía,Morales,sofia.morales2025@email.com
Andrés,Castillo,andres.castillo2025@email.com
Mónica,Delgado,monica.delgado2025@email.com
Gabriel,Ortega,gabriel.ortega2025@email.com
Elena,Ramos,elena.ramos2025@email.com